from,to,url
A,H,https://grpc.io/
B,A,https://grpc.io/
H,A,https://grpc.io/
A,H,https://grpc.io/
J,A,https://grpc.io/
J,H,https://grpc.io/
J,B,https://grpc.io/
J,X,https://grpc.io/
D,F,https://grpc.io/
C,F,https://grpc.io/
D,F,https://grpc.io/
A,C,https://grpc.io/
A,X,https://grpc.io/
J,F,https://grpc.io/
J,F,https://grpc.io/
J,F,https://grpc.io/
J,F,https://grpc.io/
J,F,https://grpc.io/
J,F,https://grpc.io/
J,F,https://grpc.io/
J,F,https://grpc.io/
J,F,https://grpc.io/
J,F,https://grpc.io/